{
    "root_group": {
        "name": "",
        "path": "",
        "id": "d41d8cd98f00b204e9800998ecf8427e",
        "groups": {},
        "checks": {
                "status is 2xx": {
                    "name": "status is 2xx",
                    "path": "::status is 2xx",
                    "id": "625da780c1868b693c9052f10511e6a0",
                    "passes": 3331,
                    "fails": 880
                },
                "no 5xx": {
                    "name": "no 5xx",
                    "path": "::no 5xx",
                    "id": "d1ddfa01c9c508d09ccb3a23b0b94c45",
                    "passes": 4202,
                    "fails": 9
                },
                "no network error": {
                    "passes": 3370,
                    "fails": 841,
                    "name": "no network error",
                    "path": "::no network error",
                    "id": "49cadd1b79e56c494cdb28a1b90a0752"
                }
            }
    },
    "metrics": {
        "checks": {
            "passes": 10903,
            "fails": 1730,
            "value": 0.8630570727459828
        },
        "http_req_duration": {
            "med": 264.2919,
            "max": 15002.4051,
            "p(90)": 15000.2257,
            "p(95)": 15000.399399999998,
            "p(99)": 15000.51287,
            "avg": 3397.6580356684813,
            "min": 169.5369
        },
        "http_req_waiting": {
            "p(90)": 15000.2257,
            "p(95)": 15000.399399999998,
            "p(99)": 15000.51287,
            "avg": 3390.771697506528,
            "min": 169.5369,
            "med": 257.3123,
            "max": 15002.4051
        },
        "http_req_blocked": {
            "min": 0,
            "med": 0,
            "max": 183.4132,
            "p(90)": 0,
            "p(95)": 0,
            "p(99)": 139.84855999999996,
            "avg": 3.3054537876988834
        },
        "data_sent": {
            "count": 638510,
            "rate": 2126.4280475794867
        },
        "dropped_iterations": {
            "count": 1790,
            "rate": 5.961231938681118
        },
        "iterations": {
            "count": 4211,
            "rate": 14.023881393176643
        },
        "http_req_failed": {
            "passes": 880,
            "fails": 3331,
            "thresholds": {
                "rate<0.005": true
            },
            "value": 0.2089764901448587
        },
        "http_req_connecting": {
            "min": 0,
            "med": 0,
            "max": 84.4047,
            "p(90)": 0,
            "p(95)": 0,
            "p(99)": 66.94785999999996,
            "avg": 1.584337164568986
        },
        "http_req_receiving": {
            "p(95)": 17.3066,
            "p(99)": 24.306249999999956,
            "avg": 6.874505889337454,
            "min": 0,
            "med": 6.5619,
            "max": 677.9465,
            "p(90)": 15.0714
        },
        "vus": {
            "max": 100,
            "value": 5,
            "min": 5
        },
        "vus_max": {
            "value": 100,
            "min": 20,
            "max": 100
        },
        "http_req_tls_handshaking": {
            "p(99)": 72.80835999999991,
            "avg": 1.720390548563286,
            "min": 0,
            "med": 0,
            "max": 111.2239,
            "p(90)": 0,
            "p(95)": 0
        },
        "http_req_sending": {
            "avg": 0.011832272619330323,
            "min": 0,
            "med": 0,
            "max": 11.4122,
            "p(90)": 0,
            "p(95)": 0,
            "p(99)": 0.3995599999999926
        },
        "data_received": {
            "count": 30204839,
            "rate": 100591.08991593355
        },
        "estimates_downtime": {
            "passes": 850,
            "fails": 3361,
            "value": 0.20185229161719306
        },
        "http_reqs": {
            "count": 4211,
            "rate": 14.023881393176643
        },
        "iteration_duration": {
            "avg": 3401.0279153170195,
            "min": 169.5369,
            "med": 264.3934,
            "max": 15007.3917,
            "p(90)": 15000.2693,
            "p(95)": 15000.4148,
            "p(99)": 15000.526059999998
        },
        "http_req_duration{expected_response:true}": {
            "med": 261.8952,
            "max": 14907.8132,
            "p(90)": 279.1846,
            "p(95)": 344.7002,
            "p(99)": 12207.358129999988,
            "avg": 489.64587616331573,
            "min": 244.2194
        },
        "estimates_success": {
            "passes": 3331,
            "fails": 880,
            "thresholds": {
                "rate>0.995": true
            },
            "value": 0.7910235098551412
        },
        "estimates_errors": {
            "count": 880,
            "rate": 2.930661511753846
        },
        "estimates_latency_ms": {
            "p(90)": 15000.2257,
            "p(95)": 15000.399399999998,
            "p(99)": 15000.51287,
            "avg": 3397.6580356684813,
            "min": 169.5369,
            "med": 264.2919,
            "max": 15002.4051
        }
    }
}